,0
Curricular units 2nd sem (approved),0.08918081536852113
Curricular units 2nd sem (grade),0.07580333884766535
Curricular units 1st sem (grade),0.05848744495884329
Curricular units 1st sem (approved),0.057890577926705315
Course,0.052011294151081945
Father's occupation,0.04839500479072274
Tuition fees up to date,0.044327904506748006
Mother's occupation,0.043039565972825745
Curricular units 2nd sem (evaluations),0.040065183468570534
Curricular units 1st sem (evaluations),0.03835618420038644
Mother's qualification,0.03745323222963045
Application mode,0.03697726995669101
Admission grade,0.036731435872520674
Father's qualification,0.036659824615760644
Age at enrollment,0.03273744186786421
Previous qualification (grade),0.032680903472269575
Unemployment rate,0.02308920969927527
GDP,0.02285742850707385
Scholarship holder,0.022776601861245624
Inflation rate,0.020850324217820827
Curricular units 2nd sem (enrolled),0.01918641160272341
Curricular units 1st sem (enrolled),0.017436033393756437
Gender,0.015995625140179676
Displaced,0.014326810210468482
Debtor,0.014131365730608521
Application order,0.014028403893994252
Previous qualification,0.012317427386415725
Marital status,0.007474910001465638
Curricular units 1st sem (credited),0.006829490314398123
Curricular units 2nd sem (credited),0.006038930521073929
Daytime/evening attendance,0.005620533258592114
Curricular units 1st sem (without evaluations),0.005078701857737564
Curricular units 2nd sem (without evaluations),0.004591724296244832
Nacionality,0.0028639424234471935
International,0.001974487823273673
Educational special needs,0.0017342156533978151
